pid,short_id,codex_id,claude_folder,round,journal,journal_full,authors,title,doi,online,claude_review_date,codex_review_date,verified,claude_overall,claude_overall_full,codex_overall,agree,claude_methods,codex_methods,codex_methods_confidence,claude_literature,codex_literature,codex_literature_confidence,claude_writing,codex_writing,codex_writing_confidence,claude_contribution,codex_contribution,codex_contribution_confidence,claude_reproducibility,codex_reproducibility,codex_reproducibility_confidence,corrections,notes
P01,P01_shand,P01_AERAOpen_shand,20260902_curriculum_implementation_and_change_management_a_new_framew,1,AERA Open,AERA Open,"Shand, Chu, Gurny et al.",Curriculum Implementation and Change Management: A New Framework,10.1177/23328584261466663,2026-07-28,2026-09-02,2026-09-25,Not page-verified,Useful with Caveats,Useful with Caveats,Useful with Caveats,Same,Adequate (moderate),Adequate,0.87,Adequate (moderate),Adequate,0.86,Weak (moderate),Weak,0.94,Adequate (moderate),Adequate,0.91,Weak (high),Weak,0.86,0,0
P02,P02_lee,P02_AERAOpen_lee,20260902_understanding_the_landscape_of_rural_racial_achievement_gaps,1,AERA Open,AERA Open,Lee,"Understanding the Landscape of Rural Racial Achievement Gaps: Locale, Race, and Achievement Gaps",10.1177/23328584261466676,2026-07-31,2026-09-02,2026-09-25,Not page-verified,Useful with Caveats,Useful with Caveats,Useful with Caveats,Same,Adequate (moderate),Adequate,0.90,Adequate (moderate),Adequate,0.88,Weak (high),Weak,0.98,Adequate (moderate),Adequate,0.90,Weak (high),Weak,0.96,0,0
P03,P03_holzman,P03_AERAOpen_holzman,20260902_race_nativity_and_the_labor_market_returns_to_college_major,1,AERA Open,AERA Open,"Holzman, Han, Lewis et al.","Race, Nativity, and the Labor Market Returns to College Major–Occupation Alignment",10.1177/23328584261467394,2026-08-04,2026-09-02,2026-09-25,Not page-verified,Useful with Caveats,Useful with Caveats,Useful with Caveats,Same,Adequate (moderate),Adequate,0.88,Adequate (moderate),Adequate,0.88,Adequate (high),Weak,0.97,Adequate (moderate),Adequate,0.91,Adequate (high),Adequate,0.91,0,0
P04,P04_boles,P04_AERAOpen_boles,20260902_geographic_disparities_in_availability_of_secondary_advanced_stem,1,AERA Open,AERA Open,Boles,Geographic Disparities in Availability of Secondary Advanced STEM Coursework: Exploring AP Course Offerings Across the United States,10.1177/23328584261448139,2026-08-05,2026-09-02,2026-09-25,Not page-verified,Useful with Caveats,Useful with Caveats,Useful with Caveats,Same,Adequate (moderate),Adequate,0.91,Adequate (low),Adequate,0.88,Adequate (high),Adequate,0.95,Adequate (moderate),Adequate,0.92,Adequate (high),Adequate,0.91,0,0
P05,P05_britton,P05_AERAOpen_britton,20260902_student_teacher_ethnoracial_matching_and_postsecondary_access,1,AERA Open,AERA Open,"Britton, Shirrell & Bristol",Student-Teacher Ethnoracial Matching and Postsecondary Access: Evidence From New York City,10.1177/23328584261476998,2026-08-31,2026-09-02,2026-09-25,Not page-verified,Useful with Caveats,Useful with Caveats,Treat with Caution,Codex harsher,Adequate (high),Weak,0.93,Adequate (moderate),Adequate,0.90,Weak (moderate),Weak,0.99,Adequate (moderate),Adequate,0.88,Weak (high),Weak,0.96,0,0
P06,P06_holtz,P06_AERAOpen_holtz,20260925_dual_language_for_whom_a_critical_race_spatial_analysis_of,2,AERA Open,AERA Open,Holtz,Dual Language for Whom? A Critical Race Spatial Analysis of Programming Allocation for Multilingual Learners in Texas,10.1177/23328584261481430,2026-09-07,2026-09-25,2026-09-25,Page-verified,Treat with Caution,Treat with Caution,Treat with Caution,Same,Weak (moderate),Weak,0.94,Weak (moderate),Weak,0.88,Weak (moderate),Weak,0.97,Weak (moderate),Weak,0.91,Weak (moderate),Weak,0.93,0,0
P07,P07_odle,P07_AERAOpen_odle,20260925_high_performing_pell_institutions_identifying_and_exploring,2,AERA Open,AERA Open,"Odle, Duke & Dunens",High Performing Pell Institutions: Identifying and Exploring Colleges and Universities with High Low-Income Student Success,10.1177/23328584261483676,2026-09-24,2026-09-25,2026-09-25,Page-verified,Useful with Caveats,Useful with Caveats (at Treat-with-Caution boundary),Useful with Caveats,Same,Adequate (moderate),Adequate,0.88,Weak (moderate),Adequate,0.87,Weak (moderate),Weak,0.95,Weak (moderate),Adequate,0.93,Adequate (low),Adequate,0.90,1,0
P08,P08_gao,P08_AERAOpen_gao,20260925_a_longitudinal_analysis_of_school_mobility_for_students_in_foster_care,2,AERA Open,AERA Open,"Gao, Semykina, Isler et al.",A Longitudinal Analysis of School Mobility for Students in Foster Care,10.1177/23328584261482071,2026-09-24,2026-09-25,2026-09-25,Page-verified,Useful with Caveats,Useful with Caveats,Useful with Caveats,Same,Adequate (moderate),Adequate,0.90,Weak (moderate),Adequate,0.87,Adequate (moderate),Weak,0.94,Adequate (moderate),Adequate,0.90,Adequate (low),Adequate,0.94,0,0
P09,P09_johnson,P09_AERJ_johnson,20260902_the_politics_of_platform_allocation_commencement_speaker,1,AERJ,American Educational Research Journal,Johnson & Zhang,"The Politics of Platform Allocation: Commencement Speaker Selection at U.S. Universities, 1989–2024",10.3102/00028312261467392,2026-08-08,2026-09-02,2026-09-25,Not page-verified,Useful with Caveats,Useful with Caveats,Useful with Caveats,Same,Adequate (moderate),Adequate,0.89,Adequate (low),Adequate,0.87,Adequate (moderate),Weak,0.96,Adequate (moderate),Adequate,0.88,Weak (moderate),Weak,0.95,0,0
P10,P10_chin,P10_AERJ_chin,20260902_impacts_of_school_choice_expansion_on_public_school_finance,1,AERJ,American Educational Research Journal,Chin & Chen,"Impacts of School Choice Expansion on Public School Finance, Inputs, Voter Tax Preferences, and Achievement",10.3102/00028312261468354,2026-08-16,2026-09-02,2026-09-25,Not page-verified,Useful with Caveats,Useful with Caveats,Useful with Caveats,Same,Adequate (moderate),Adequate,0.87,Adequate (moderate),Adequate,0.88,Adequate (high),Weak,0.96,Adequate (moderate),Adequate,0.90,Adequate (moderate),Weak,0.92,0,0
P11,P11_gilmour,P11_AERJ_gilmour,20260902_composition_distribution_and_stability_of_the_special_education,1,AERJ,American Educational Research Journal,"Gilmour, Bartanen, Bettini et al.","Composition, Distribution, and Stability of the Special Education Teacher Workforce in Seven States",10.3102/00028312261468742,2026-08-18,2026-09-02,2026-09-25,Not page-verified,Solid Contribution,Solid Contribution,Useful with Caveats,Codex harsher,Adequate (moderate),Adequate,0.89,Adequate (moderate),Adequate,0.88,Adequate (moderate),Weak,0.98,Strong (high),Strong,0.90,Adequate (moderate),Adequate,0.89,0,0
P12,P12_umansky,P12_AERJ_umansky,20260902_uses_characteristics_and_effects_of_extra_instructional_time,1,AERJ,American Educational Research Journal,"Umansky, Avelar & Thompson","Uses, Characteristics, and Effects of Extra Instructional Time for English Learner Students in Secondary Schools",10.3102/00028312261453523,2026-08-19,2026-09-02,2026-09-25,Not page-verified,Useful with Caveats,Useful with Caveats,Useful with Caveats,Same,Adequate (moderate),Weak,0.91,Adequate (moderate),Adequate,0.89,Adequate (high),Weak,0.97,Adequate (moderate),Adequate,0.91,Weak (moderate),Weak,0.95,1,0
P13,P13_little,P13_AERJ_little,20260902_school_district_superintendents_leadership_of_early_childhood,1,AERJ,American Educational Research Journal,"Little, Drake, White & Rowan",School District Superintendents' Leadership of Early Childhood Education: A National Survey,10.3102/00028312261475692,2026-09-02,2026-09-02,2026-09-25,Not page-verified,Useful with Caveats,Useful with Caveats,Useful with Caveats,Same,Adequate (moderate),Adequate,0.90,Adequate (low),Adequate,0.88,Adequate (moderate),Weak,0.95,Adequate (moderate),Adequate,0.92,Weak (high),Weak,0.93,1,0
P14,P14_truwit,P14_EEPA_truwit,20260902_the_model_itself_or_something_else_whether_and_how_the,1,EEPA,Educational Evaluation and Policy Analysis,Truwit & Ronfeldt,The Model Itself or Something Else? Whether and How the Transition from Traditional Preparation to Teacher Residency Model Impacts the Outcomes of Graduates,10.3102/01623737261453349,2026-06-29,2026-09-02,2026-09-25,Not page-verified,Useful with Caveats,Useful with Caveats (upper end),Useful with Caveats,Same,Adequate (moderate),Adequate,0.92,Strong (moderate),Adequate,0.91,Adequate (moderate),Adequate,0.95,Strong (moderate),Adequate,0.92,Weak (high),Weak,0.94,0,0
P15,P15_xu,P15_EEPA_xu,20260902_bulwark_or_barrier_the_effect_of_academic_criteria_based,1,EEPA,Educational Evaluation and Policy Analysis,"Xu, Flanagan & Quintero",Bulwark or Barrier? The Effect of Academic Criteria-Based Reclassification on the High School Outcomes of Multilingual Learners in Texas,10.3102/01623737261445984,2026-07-06,2026-09-02,2026-09-25,Not page-verified,Useful with Caveats,Useful with Caveats,Useful with Caveats,Same,Strong (moderate),Adequate,0.86,Strong (moderate),Adequate,0.88,Adequate (moderate),Weak,0.96,Strong (moderate),Adequate,0.89,Weak (moderate),Weak,0.94,0,1
P16,P16_delgado,P16_EEPA_delgado,20260902_classroom_composition_affects_teacher_performance_ratings,1,EEPA,Educational Evaluation and Policy Analysis,Delgado & Sartain,Classroom Composition Affects Teacher Performance Ratings,10.3102/01623737261449250,2026-07-06,2026-09-02,2026-09-25,Not page-verified,Useful with Caveats,Useful with Caveats (near Solid),Useful with Caveats,Same,Adequate (moderate),Adequate,0.91,Adequate (moderate),Adequate,0.89,Adequate (moderate),Weak,0.98,Strong (moderate),Adequate,0.90,Adequate (moderate),Weak,0.94,0,0
P17,P17_broton,P17_EEPA_broton,20260902_promoting_academic_success_through_university_microgrants,1,EEPA,Educational Evaluation and Policy Analysis,"Broton, Fenton-Miller & Bowman",Promoting Academic Success Through University Microgrants for Students,10.3102/01623737261462496,2026-07-07,2026-09-02,2026-09-25,Not page-verified,Useful with Caveats,Useful with Caveats,Useful with Caveats,Same,Adequate (moderate),Adequate,0.86,Adequate (moderate),Adequate,0.89,Adequate (high),Adequate,0.95,Adequate (moderate),Adequate,0.92,Weak (moderate),Weak,0.94,0,0
P18,P18_choi,P18_EEPA_choi,20260902_examining_the_impact_of_performance_based_funding_policy,1,EEPA,Educational Evaluation and Policy Analysis,"Choi, Zahran, Ortagus et al.",Examining the Impact of Performance-Based Funding Policy Designs on College Completion by Field of Study,10.3102/01623737261449256,2026-07-27,2026-09-02,2026-09-25,Not page-verified,Useful with Caveats,Useful with Caveats,Useful with Caveats,Same,Adequate (moderate),Adequate,0.86,Adequate (moderate),Adequate,0.90,Weak (high),Weak,0.96,Adequate (moderate),Adequate,0.90,Weak (high),Weak,0.94,0,0
P19,P19_munoz,P19_EEPA_munoz,20260925_beyond_school_police_officers_racialethnic_disparities_in_expo,2,EEPA,Educational Evaluation and Policy Analysis,"Munoz, Shores, Weathers & Woods",Beyond School Police Officers: Racial/Ethnic Disparities in Exposure to a Fuller Range of School Security Personnel,10.3102/01623737261460908,2026-09-04,2026-09-25,2026-09-25,Page-verified,Useful with Caveats,Useful with Caveats,Useful with Caveats,Same,Adequate (low),Adequate,0.86,Adequate (moderate),Adequate,0.88,Adequate (moderate),Weak,0.95,Adequate (moderate),Adequate,0.92,Weak (moderate),Weak,0.94,0,0
P20,P20_camp,P20_EEPA_camp,20260925_the_effects_of_the_four_day_school_week_on_teacher_recruitment,2,EEPA,Educational Evaluation and Policy Analysis,"Camp, Anglum, Koedel et al.",The Effects of the Four-Day School Week on Teacher Recruitment and Retention,10.3102/01623737261464169,2026-09-09,2026-09-25,2026-09-25,Page-verified,Useful with Caveats,Useful with Caveats,Useful with Caveats,Same,Adequate (moderate),Adequate,0.90,Adequate (moderate),Adequate,0.88,Adequate (moderate),Adequate,0.95,Adequate (moderate),Adequate,0.91,Adequate (moderate),Weak,0.91,1,0
P21,P21_ganimian,P21_EEPA_ganimian,20260925_the_reliability_of_classroom_observations_and_student_surveys,2,EEPA,Educational Evaluation and Policy Analysis,"Ganimian, Ho & Campos Quintero",The Reliability of Classroom Observations and Student Surveys in Non-Research Settings: Evidence From a Middle-Income Country,10.3102/01623737261462146,2026-09-10,2026-09-25,2026-09-25,Page-verified,Useful with Caveats,Useful with Caveats,Useful with Caveats,Same,Adequate (moderate),Adequate,0.90,Adequate (moderate),Adequate,0.88,Weak (moderate),Weak,0.97,Adequate (moderate),Adequate,0.91,Adequate (moderate),Weak,0.92,0,0
P22,P22_cleveland,P22_EEPA_cleveland,20260925_the_lingering_legacy_of_redlining_on_school_funding_diversity,2,EEPA,Educational Evaluation and Policy Analysis,Cleveland & Lukes,"The Lingering Legacy of Redlining on School Funding, Diversity, and Performance",10.3102/01623737261477103,2026-09-12,2026-09-25,2026-09-25,Page-verified,Useful with Caveats,Useful with Caveats,Useful with Caveats,Same,Adequate (moderate),Adequate,0.90,Adequate (moderate),Adequate,0.88,Weak (high),Weak,0.98,Adequate (moderate),Adequate,0.91,Weak (moderate),Weak,0.94,0,1
P23,P23_acris,P23_EEPA_acris,20260925_does_civic_education_impact_primary_school_students_civic_ou,2,EEPA,Educational Evaluation and Policy Analysis,"Acris, Ganimian, King & Marple-Cantrell",Does Civic Education Impact Primary School Students' Civic Outcomes? Experimental Evidence from Liberia,10.3102/01623737261468263,2026-09-12,2026-09-25,2026-09-25,Page-verified,Useful with Caveats,Useful with Caveats,Useful with Caveats,Same,Adequate (moderate),Adequate,0.90,Adequate (moderate),Adequate,0.87,Adequate (moderate),Adequate,0.94,Adequate (moderate),Strong,0.90,Weak (moderate),Weak,0.94,0,0
P24,P24_gicheva,P24_ER_gicheva,20260902_postsecondary_gaps_in_recovery_from_the_covid19_pandemic,1,ER,Educational Researcher,"Gicheva, Edmunds, Hutchins et al.",Postsecondary Gaps in Recovery From the COVID-19 Pandemic: Evidence From Public Colleges and Universities,10.3102/0013189X261462499,2026-07-07,2026-09-02,2026-09-25,Not page-verified,Useful with Caveats,Useful with Caveats,Useful with Caveats,Same,Adequate (moderate),Adequate,0.90,Adequate (moderate),Adequate,0.89,Adequate (high),Adequate,0.94,Adequate (moderate),Adequate,0.92,Weak (moderate),Weak,0.94,0,0
P25,P25_perry,P25_ER_perry,20260902_necessary_but_not_sufficient_school_administrator_support,1,ER,Educational Researcher,"Perry, Reddy, Martinez et al.","Necessary but Not Sufficient: School Administrator Support and Teacher Safety, Anxiety/Stress, Retention, and Victimization",10.3102/0013189X261457851,2026-07-10,2026-09-02,2026-09-25,Not page-verified,Useful with Caveats,Useful with Caveats (lower edge),Useful with Caveats,Same,Adequate (high),Adequate,0.90,Weak (moderate),Adequate,0.88,Weak (high),Weak,0.97,Adequate (moderate),Adequate,0.90,Weak (high),Weak,0.95,0,0
P26,P26_whitfield,P26_ER_whitfield,20260902_how_better_fafsa_changed_federal_aid_applications,1,ER,Educational Researcher,Whitfield & Gurantz,How Better FAFSA Changed Federal Aid Applications,10.3102/0013189X261462516,2026-07-13,2026-09-02,2026-09-25,Not page-verified,Useful with Caveats,Useful with Caveats,Useful with Caveats,Same,Adequate (moderate),Adequate,0.90,Adequate (moderate),Adequate,0.87,Adequate (moderate),Weak,0.98,Adequate (moderate),Adequate,0.93,Weak (moderate),Weak,0.94,0,0
P27,P27_yoon,P27_ER_yoon,20260902_fifteen_years_of_change_in_high_quality_cte_participation,1,ER,Educational Researcher,Yoon & Dougherty,Fifteen Years of Change in High-Quality CTE Participation,10.3102/0013189X261467378,2026-07-16,2026-09-02,2026-09-25,Not page-verified,Useful with Caveats,Useful with Caveats,Useful with Caveats,Same,Adequate (moderate),Adequate,0.88,Weak (low),Adequate,0.86,Adequate (moderate),Adequate,0.94,Adequate (moderate),Adequate,0.91,Weak (moderate),Weak,0.95,0,0
P28,P28_heller,P28_ER_heller,20260902_the_decline_of_adult_education_supply_demand_and_public_support,1,ER,Educational Researcher,Heller & Slungaard Mumma,"The Decline of Adult Education: Supply, Demand, and Public Support for Immigrant-Serving Educational Services",10.3102/0013189X261467376,2026-07-21,2026-09-02,2026-09-25,Not page-verified,Useful with Caveats,Useful with Caveats,Useful with Caveats,Same,Adequate (moderate),Adequate,0.88,Adequate (moderate),Adequate,0.87,Adequate (high),Adequate,0.95,Adequate (moderate),Adequate,0.91,Adequate (moderate),Adequate,0.88,0,0
P29,P29_polikoff,P29_ER_polikoff,20260925_what_explains_support_for_race_related_topics_in_the_curriculum,2,ER,Educational Researcher,"Polikoff, Rowley, Silver et al.",What Explains Support for Race-Related Topics in the Curriculum? Evidence From the Understanding America Study,10.3102/0013189X261481780,2026-09-08,2026-09-25,2026-09-25,Page-verified,Useful with Caveats,Useful with Caveats,Useful with Caveats,Same,Adequate (moderate),Adequate,0.91,Weak (moderate),Adequate,0.88,Adequate (moderate),Adequate,0.94,Adequate (moderate),Adequate,0.91,Weak (moderate),Weak,0.94,0,0
P30,P30_ambali,P30_ER_ambali,20260925_unequal_foundations_racial_disparities_in_school_building,2,ER,Educational Researcher,"Ambali, Jung & Sorensen",Unequal Foundations: Racial Disparities in School Building Conditions in New York State,10.3102/0013189X261481800,2026-09-10,2026-09-25,2026-09-25,Page-verified,Useful with Caveats,Useful with Caveats,Useful with Caveats,Same,Adequate (moderate),Adequate,0.88,Adequate (moderate),Adequate,0.85,Adequate (moderate),Weak,0.96,Adequate (moderate),Adequate,0.91,Weak (moderate),Weak,0.93,0,0
P31,P31_cristancho,P31_ER_cristancho,20260925_the_effects_of_homicides_on_childcare_classroom_quality_and_child,2,ER,Educational Researcher,"Cristancho, Maldonado-Carreño, Bailey et al.",The Effects of Homicides on Childcare Classroom Quality and Child Development,10.3102/0013189X261482105,2026-09-12,2026-09-25,2026-09-25,Page-verified,Treat with Caution,Treat with Caution,Useful with Caveats,Codex softer,Weak (moderate),Adequate,0.86,Weak (moderate),Adequate,0.86,Weak (moderate),Weak,0.94,Adequate (moderate),Adequate,0.90,Weak (moderate),Weak,0.92,0,0
P32,P32_burdickwill,P32_ER_burdickwill,20260925_sidewalks_for_students_google_street_view_measures_of_walkability,2,ER,Educational Researcher,"Burdick-Will, Bader & Nguyen",Sidewalks for Students: Google Street View Measures of Walkability Around Schools and Chronic Absenteeism Rates,10.3102/0013189X261485085,2026-09-22,2026-09-25,2026-09-25,Page-verified,Useful with Caveats,Useful with Caveats,Useful with Caveats,Same,Adequate (moderate),Adequate,0.90,Adequate (moderate),Adequate,0.87,Adequate (moderate),Adequate,0.95,Adequate (moderate),Adequate,0.91,Weak (moderate),Weak,0.94,0,0
P33,P33_lyon,P33_ER_lyon,20260925_racial_status_threat_and_antidei_efforts_in_local_school,2,ER,Educational Researcher,"Lyon, Snaider, Bertrand et al.",Racial Status Threat and Anti-DEI Efforts in Local School Districts,10.3102/0013189X261481802,2026-09-25,2026-09-25,2026-09-25,Page-verified,Useful with Caveats,Useful with Caveats,Useful with Caveats,Same,Adequate (moderate),Adequate,0.90,Adequate (moderate),Adequate,0.86,Adequate (moderate),Adequate,0.94,Adequate (moderate),Adequate,0.91,Adequate (low),Adequate,0.88,0,0
