item_id,pid,cite,journal,doi,round,tier,bucket,resolution,consequence,source,error_stage,minutes,overseer_check,withdrawn
P01-1,P01,"Shand, Chu, Gurny et al.",AERA Open,10.1177/23328584261466663,1,2,B,R1,C1,article,no earlier version found,15,CONFIRMED,false
P01-2,P01,"Shand, Chu, Gurny et al.",AERA Open,10.1177/23328584261466663,1,3,A,R3,C0,article,no earlier version found,35,CONFIRMED,false
P01-3,P01,"Shand, Chu, Gurny et al.",AERA Open,10.1177/23328584261466663,1,3,J2,R1,C0,article,no earlier version found,10,CONFIRMED,false
P02-1,P02,Lee,AERA Open,10.1177/23328584261466676,1,2,B,R1,C1,article,no earlier version found,5,CONFIRMED,false
P02-2,P02,Lee,AERA Open,10.1177/23328584261466676,1,1,J1,R1,C0,article,no earlier version found,3,CONFIRMED,false
P02-3,P02,Lee,AERA Open,10.1177/23328584261466676,1,1,J1,R1,C0,article,no earlier version found,6,CONFIRMED,false
P03-1,P03,"Holzman, Han, Lewis et al.",AERA Open,10.1177/23328584261467394,1,1,B,R2,C1,code,present in earlier version,45,CONFIRMED,false
P03-2,P03,"Holzman, Han, Lewis et al.",AERA Open,10.1177/23328584261467394,1,2,B,R1,C1,article,present in earlier version,12,CONFIRMED,false
P03-3,P03,"Holzman, Han, Lewis et al.",AERA Open,10.1177/23328584261467394,1,3,A,R1,C0,article,present in earlier version,6,CONFIRMED,false
P03-4,P03,"Holzman, Han, Lewis et al.",AERA Open,10.1177/23328584261467394,1,3,J2,R2,C0,code,present in earlier version,15,CONFIRMED,false
P04-1,P04,Boles,AERA Open,10.1177/23328584261448139,1,2,B,R1,C2,article,no earlier version found,30,CONFIRMED,false
P04-2,P04,Boles,AERA Open,10.1177/23328584261448139,1,2,B,R0,n.a.,article,no earlier version found,18,CONFIRMED,true
P05-1,P05,"Britton, Shirrell & Bristol",AERA Open,10.1177/23328584261476998,1,1,A,R1,C0,article,no earlier version found,55,CONFIRMED,false
P05-2,P05,"Britton, Shirrell & Bristol",AERA Open,10.1177/23328584261476998,1,1,A,R1,C2,article,no earlier version found,15,CORRECTED,false
P05-3,P05,"Britton, Shirrell & Bristol",AERA Open,10.1177/23328584261476998,1,3,A,R1,C0,article,no earlier version found,10,CONFIRMED,false
P05-4,P05,"Britton, Shirrell & Bristol",AERA Open,10.1177/23328584261476998,1,3,B,R1,C1,article,no earlier version found,6,CONFIRMED,false
P06-1,P06,Holtz,AERA Open,10.1177/23328584261481430,2,1,B,R1,C2,article,introduced after earlier version,15,CONFIRMED,false
P06-2,P06,Holtz,AERA Open,10.1177/23328584261481430,2,1,A,R1,C2,article,introduced after earlier version,8,CONFIRMED,false
P06-3,P06,Holtz,AERA Open,10.1177/23328584261481430,2,2,A,R3,C1,article,introduced after earlier version,12,CORRECTED,false
P06-4,P06,Holtz,AERA Open,10.1177/23328584261481430,2,2,A,R1,C1,article,introduced after earlier version,10,CONFIRMED,false
P06-5,P06,Holtz,AERA Open,10.1177/23328584261481430,2,1,J1,R2,C0,code,introduced after earlier version,45,CORRECTED,false
P07-1,P07,"Odle, Duke & Dunens",AERA Open,10.1177/23328584261483676,2,2,B,R1,C2,article,no earlier version found,9,CONFIRMED,false
P07-2,P07,"Odle, Duke & Dunens",AERA Open,10.1177/23328584261483676,2,3,B,R0,n.a.,article,n.a.,8,CONFIRMED,true
P07-3,P07,"Odle, Duke & Dunens",AERA Open,10.1177/23328584261483676,2,3,J2,R1,C0,article,no earlier version found,4,CONFIRMED,false
P07-4,P07,"Odle, Duke & Dunens",AERA Open,10.1177/23328584261483676,2,3,A,R2,C0,code,no earlier version found,12,CONFIRMED,false
P08-1,P08,"Gao, Semykina, Isler et al.",AERA Open,10.1177/23328584261482071,2,1,B,R1,C2,article,introduced after earlier version,30,CONFIRMED,false
P08-2,P08,"Gao, Semykina, Isler et al.",AERA Open,10.1177/23328584261482071,2,2,B,R1,C1,article,present in earlier version,8,CONFIRMED,false
P08-3,P08,"Gao, Semykina, Isler et al.",AERA Open,10.1177/23328584261482071,2,3,A,R1,C0,article,present in earlier version,5,CONFIRMED,false
P08-4,P08,"Gao, Semykina, Isler et al.",AERA Open,10.1177/23328584261482071,2,3,A,R0,n.a.,earlier version,n.a.,10,CONFIRMED,true
P08-5,P08,"Gao, Semykina, Isler et al.",AERA Open,10.1177/23328584261482071,2,3,J2,R3,C0,article,present in earlier version,12,CORRECTED,false
P09-1,P09,Johnson & Zhang,AERJ,10.3102/00028312261467392,1,2,A,R1,C2,article,introduced after earlier version,40,CONFIRMED,false
P09-2,P09,Johnson & Zhang,AERJ,10.3102/00028312261467392,1,3,B,R1,C1,article,introduced after earlier version,15,CONFIRMED,false
P10-1,P10,Chin & Chen,AERJ,10.3102/00028312261468354,1,2,B,R1,C1,article,no earlier version found,35,CONFIRMED,false
P10-2,P10,Chin & Chen,AERJ,10.3102/00028312261468354,1,3,A,R1,C1,article,no earlier version found,15,CONFIRMED,false
P10-3,P10,Chin & Chen,AERJ,10.3102/00028312261468354,1,3,A,R0,n.a.,article,n.a.,15,CONFIRMED,true
P10-4,P10,Chin & Chen,AERJ,10.3102/00028312261468354,1,3,J2,R0,n.a.,article,n.a.,12,CONFIRMED,true
P11-1,P11,"Gilmour, Bartanen, Bettini et al.",AERJ,10.3102/00028312261468742,1,1,A,R1,C2,article,present in earlier version,60,CONFIRMED,false
P11-2,P11,"Gilmour, Bartanen, Bettini et al.",AERJ,10.3102/00028312261468742,1,2,J1,R1,C0,article,present in earlier version,6,CONFIRMED,false
P11-3,P11,"Gilmour, Bartanen, Bettini et al.",AERJ,10.3102/00028312261468742,1,2,J1,R1,C0,article,present in earlier version,8,CONFIRMED,false
P11-4,P11,"Gilmour, Bartanen, Bettini et al.",AERJ,10.3102/00028312261468742,1,2,B,R3,C1,code,present in earlier version,22,CONFIRMED,false
P12-1,P12,"Umansky, Avelar & Thompson",AERJ,10.3102/00028312261453523,1,2,B,R2,C1,supplement,no earlier version found,40,CONFIRMED,false
P12-2,P12,"Umansky, Avelar & Thompson",AERJ,10.3102/00028312261453523,1,1,A,R1,C0,article,no earlier version found,10,CONFIRMED,false
P12-3,P12,"Umansky, Avelar & Thompson",AERJ,10.3102/00028312261453523,1,1,A,R1,C0,article,no earlier version found,6,CONFIRMED,false
P12-4,P12,"Umansky, Avelar & Thompson",AERJ,10.3102/00028312261453523,1,2,J1,R1,C0,article,no earlier version found,7,CONFIRMED,false
P12-5,P12,"Umansky, Avelar & Thompson",AERJ,10.3102/00028312261453523,1,2,J2,R0,n.a.,article,no earlier version found,22,CORRECTED,true
P12-6,P12,"Umansky, Avelar & Thompson",AERJ,10.3102/00028312261453523,1,3,A,R3,C1,supplement,no earlier version found,25,CONFIRMED,false
P13-1,P13,"Little, Drake, White & Rowan",AERJ,10.3102/00028312261475692,1,1,B,R1,C2,article,no earlier version found,30,CONFIRMED,false
P13-2,P13,"Little, Drake, White & Rowan",AERJ,10.3102/00028312261475692,1,2,A,R1,C0,article,no earlier version found,15,CONFIRMED,false
P13-3,P13,"Little, Drake, White & Rowan",AERJ,10.3102/00028312261475692,1,3,A,R1,C1,article,no earlier version found,25,CONFIRMED,false
P13-4,P13,"Little, Drake, White & Rowan",AERJ,10.3102/00028312261475692,1,3,F,R3,C0,none,no earlier version found,10,CORRECTED,false
P14-1,P14,Truwit & Ronfeldt,EEPA,10.3102/01623737261453349,1,2,B,R1,C1,article,no earlier version found,16,CONFIRMED,false
P14-2,P14,Truwit & Ronfeldt,EEPA,10.3102/01623737261453349,1,2,A,R1,C0,article,no earlier version found,14,CONFIRMED,false
P14-3,P14,Truwit & Ronfeldt,EEPA,10.3102/01623737261453349,1,3,A,R4,C0,none,no earlier version found,8,CORRECTED,false
P14-4,P14,Truwit & Ronfeldt,EEPA,10.3102/01623737261453349,1,2,A,R1,C0,article,no earlier version found,5,CONFIRMED,false
P15-1,P15,"Xu, Flanagan & Quintero",EEPA,10.3102/01623737261445984,1,2,A,R1,C0,article,present in earlier version,5,CONFIRMED,false
P15-2,P15,"Xu, Flanagan & Quintero",EEPA,10.3102/01623737261445984,1,2,J2,R1,C0,article,present in earlier version,10,CONFIRMED,false
P15-3,P15,"Xu, Flanagan & Quintero",EEPA,10.3102/01623737261445984,1,3,A,R2,C1,supplement,present in earlier version,8,CONFIRMED,false
P16-1,P16,Delgado & Sartain,EEPA,10.3102/01623737261449250,1,3,B,R1,C1,article,present in earlier version,3,CONFIRMED,false
P16-2,P16,Delgado & Sartain,EEPA,10.3102/01623737261449250,1,2,A,R1,C0,article,present in earlier version,6,CONFIRMED,false
P16-3,P16,Delgado & Sartain,EEPA,10.3102/01623737261449250,1,2,A,R1,C1,article,present in earlier version,4,CONFIRMED,false
P16-4,P16,Delgado & Sartain,EEPA,10.3102/01623737261449250,1,2,A,R1,C0,article,present in earlier version,3,CONFIRMED,false
P16-5,P16,Delgado & Sartain,EEPA,10.3102/01623737261449250,1,2,A,R3,C0,none,present in earlier version,6,CONFIRMED,false
P16-6,P16,Delgado & Sartain,EEPA,10.3102/01623737261449250,1,3,A,R0,n.a.,earlier version,n.a.,4,CONFIRMED,true
P16-7,P16,Delgado & Sartain,EEPA,10.3102/01623737261449250,1,2,A,R3,C1,article,present in earlier version,4,CONFIRMED,false
P17-1,P17,"Broton, Fenton-Miller & Bowman",EEPA,10.3102/01623737261462496,1,3,A,R0,n.a.,supplement,n.a.,40,CONFIRMED,true
P18-1,P18,"Choi, Zahran, Ortagus et al.",EEPA,10.3102/01623737261449256,1,2,F,R3,C1,supplement,present in earlier version,25,CONFIRMED,false
P18-2,P18,"Choi, Zahran, Ortagus et al.",EEPA,10.3102/01623737261449256,1,2,J2,R2,C0,supplement,introduced after earlier version,40,CONFIRMED,false
P18-3,P18,"Choi, Zahran, Ortagus et al.",EEPA,10.3102/01623737261449256,1,2,A,R1,C0,article,introduced after earlier version,8,CONFIRMED,false
P18-4,P18,"Choi, Zahran, Ortagus et al.",EEPA,10.3102/01623737261449256,1,2,A,R3,C0,article,introduced after earlier version,18,CONFIRMED,false
P18-5,P18,"Choi, Zahran, Ortagus et al.",EEPA,10.3102/01623737261449256,1,3,A,R3,C0,article,present in earlier version,12,CONFIRMED,false
P19-1,P19,"Munoz, Shores, Weathers & Woods",EEPA,10.3102/01623737261460908,2,1,F,R4,C3,none,present in earlier version,32,CONFIRMED,false
P19-2,P19,"Munoz, Shores, Weathers & Woods",EEPA,10.3102/01623737261460908,2,2,A,R3,C0,article,present in earlier version,28,CONFIRMED,false
P19-3,P19,"Munoz, Shores, Weathers & Woods",EEPA,10.3102/01623737261460908,2,3,A,R1,C0,article,introduced after earlier version,5,CONFIRMED,false
P19-4,P19,"Munoz, Shores, Weathers & Woods",EEPA,10.3102/01623737261460908,2,2,B,R1,C1,article,introduced after earlier version,9,CONFIRMED,false
P19-5,P19,"Munoz, Shores, Weathers & Woods",EEPA,10.3102/01623737261460908,2,3,B,R0,n.a.,article,n.a.,10,CONFIRMED,true
P19-6,P19,"Munoz, Shores, Weathers & Woods",EEPA,10.3102/01623737261460908,2,3,J2,R1,C0,article,introduced after earlier version,14,CONFIRMED,false
P20-1,P20,"Camp, Anglum, Koedel et al.",EEPA,10.3102/01623737261464169,2,1,B,R1,C1,article,introduced after earlier version,32,CORRECTED,false
P20-2,P20,"Camp, Anglum, Koedel et al.",EEPA,10.3102/01623737261464169,2,2,A,R4,C0,none,present in earlier version,9,CONFIRMED,false
P20-3,P20,"Camp, Anglum, Koedel et al.",EEPA,10.3102/01623737261464169,2,3,A,R4,C0,none,present in earlier version,8,CONFIRMED,false
P20-4,P20,"Camp, Anglum, Koedel et al.",EEPA,10.3102/01623737261464169,2,2,J1,R1,C0,article,present in earlier version,9,CONFIRMED,false
P20-5,P20,"Camp, Anglum, Koedel et al.",EEPA,10.3102/01623737261464169,2,3,J2,R1,C0,article,present in earlier version,5,CONFIRMED,false
P21-1,P21,"Ganimian, Ho & Campos Quintero",EEPA,10.3102/01623737261462146,2,1,B,R1,C1,supplement,introduced after earlier version,9,CORRECTED,false
P21-2,P21,"Ganimian, Ho & Campos Quintero",EEPA,10.3102/01623737261462146,2,1,J1,R1,C1,article,present in earlier version,6,CONFIRMED,false
P21-3,P21,"Ganimian, Ho & Campos Quintero",EEPA,10.3102/01623737261462146,2,2,J1,R1,C0,article,present in earlier version,14,CONFIRMED,false
P21-4,P21,"Ganimian, Ho & Campos Quintero",EEPA,10.3102/01623737261462146,2,3,A,R1,C0,article,present in earlier version,2,CONFIRMED,false
P21-5,P21,"Ganimian, Ho & Campos Quintero",EEPA,10.3102/01623737261462146,2,3,A,R1,C0,article,present in earlier version,3,CONFIRMED,false
P21-6,P21,"Ganimian, Ho & Campos Quintero",EEPA,10.3102/01623737261462146,2,3,A,R4,C0,none,present in earlier version,3,CONFIRMED,false
P21-7,P21,"Ganimian, Ho & Campos Quintero",EEPA,10.3102/01623737261462146,2,3,A,R0,n.a.,supplement,present in earlier version,4,CONFIRMED,true
P22-1,P22,Cleveland & Lukes,EEPA,10.3102/01623737261477103,2,1,J1,R2,C0,supplement,introduced after earlier version,7,CORRECTED,false
P22-2,P22,Cleveland & Lukes,EEPA,10.3102/01623737261477103,2,1,B,R2,C1,supplement,present in earlier version,5,CONFIRMED,false
P22-3,P22,Cleveland & Lukes,EEPA,10.3102/01623737261477103,2,2,A,R1,C0,article,introduced after earlier version,4,CONFIRMED,false
P22-4,P22,Cleveland & Lukes,EEPA,10.3102/01623737261477103,2,2,A,R1,C1,article,introduced after earlier version,5,CONFIRMED,false
P22-5,P22,Cleveland & Lukes,EEPA,10.3102/01623737261477103,2,2,A,R1,C1,article,present in earlier version,5,CONFIRMED,false
P22-6,P22,Cleveland & Lukes,EEPA,10.3102/01623737261477103,2,2,A,R2,C0,supplement,present in earlier version,12,CONFIRMED,false
P22-7,P22,Cleveland & Lukes,EEPA,10.3102/01623737261477103,2,2,A,R2,C2,supplement,present in earlier version,7,CONFIRMED,false
P22-8,P22,Cleveland & Lukes,EEPA,10.3102/01623737261477103,2,3,A,R1,C1,article,present in earlier version,4,CONFIRMED,false
P22-9,P22,Cleveland & Lukes,EEPA,10.3102/01623737261477103,2,3,J2,R1,C0,article,present in earlier version,5,CONFIRMED,false
P23-1,P23,"Acris, Ganimian, King & Marple-Cantrell",EEPA,10.3102/01623737261468263,2,1,B,R1,C2,article,introduced after earlier version,45,CONFIRMED,false
P23-2,P23,"Acris, Ganimian, King & Marple-Cantrell",EEPA,10.3102/01623737261468263,2,3,A,R1,C0,article,present in earlier version,8,CONFIRMED,false
P23-3,P23,"Acris, Ganimian, King & Marple-Cantrell",EEPA,10.3102/01623737261468263,2,3,B,R0,n.a.,article,introduced after earlier version,12,CONFIRMED,true
P24-1,P24,"Gicheva, Edmunds, Hutchins et al.",ER,10.3102/0013189X261462499,1,2,B,R3,C1,article,no earlier version found,60,CONFIRMED,false
P24-2,P24,"Gicheva, Edmunds, Hutchins et al.",ER,10.3102/0013189X261462499,1,3,F,R4,C0,none,no earlier version found,20,CONFIRMED,false
P25-1,P25,"Perry, Reddy, Martinez et al.",ER,10.3102/0013189X261457851,1,2,B,R1,C1,article,no earlier version found,2,CONFIRMED,false
P25-2,P25,"Perry, Reddy, Martinez et al.",ER,10.3102/0013189X261457851,1,1,A,R1,C0,article,no earlier version found,4,CONFIRMED,false
P25-3,P25,"Perry, Reddy, Martinez et al.",ER,10.3102/0013189X261457851,1,2,A,R1,C1,article,no earlier version found,2,CONFIRMED,false
P25-4,P25,"Perry, Reddy, Martinez et al.",ER,10.3102/0013189X261457851,1,3,B,R1,C1,article,no earlier version found,1,CONFIRMED,false
P26-1,P26,Whitfield & Gurantz,ER,10.3102/0013189X261462516,1,1,A,R1,C1,article,no earlier version found,25,CONFIRMED,false
P26-2,P26,Whitfield & Gurantz,ER,10.3102/0013189X261462516,1,2,A,R1,C1,article,no earlier version found,9,CONFIRMED,false
P26-3,P26,Whitfield & Gurantz,ER,10.3102/0013189X261462516,1,2,A,R1,C0,article,no earlier version found,5,CONFIRMED,false
P26-4,P26,Whitfield & Gurantz,ER,10.3102/0013189X261462516,1,3,J2,R1,C0,article,no earlier version found,7,CONFIRMED,false
P27-1,P27,Yoon & Dougherty,ER,10.3102/0013189X261467378,1,2,B,R1,C2,article,no earlier version found,18,CONFIRMED,false
P27-2,P27,Yoon & Dougherty,ER,10.3102/0013189X261467378,1,3,B,R0,n.a.,article,n.a.,8,CONFIRMED,true
P28-1,P28,Heller & Slungaard Mumma,ER,10.3102/0013189X261467376,1,2,B,R1,C1,article,present in earlier version,20,CONFIRMED,false
P28-2,P28,Heller & Slungaard Mumma,ER,10.3102/0013189X261467376,1,2,A,R1,C1,article,present in earlier version,10,CONFIRMED,false
P28-3,P28,Heller & Slungaard Mumma,ER,10.3102/0013189X261467376,1,2,A,R2,C0,earlier version,introduced after earlier version,35,CONFIRMED,false
P29-1,P29,"Polikoff, Rowley, Silver et al.",ER,10.3102/0013189X261481780,2,2,B,R1,C1,article,introduced after earlier version,30,CONFIRMED,false
P29-2,P29,"Polikoff, Rowley, Silver et al.",ER,10.3102/0013189X261481780,2,3,A,R0,n.a.,UAS documentation,n.a.,15,CONFIRMED,true
P29-3,P29,"Polikoff, Rowley, Silver et al.",ER,10.3102/0013189X261481780,2,3,J2,R3,C0,supplement,introduced after earlier version,10,CONFIRMED,false
P29-4,P29,"Polikoff, Rowley, Silver et al.",ER,10.3102/0013189X261481780,2,3,B,R0,n.a.,UAS documentation,n.a.,15,CONFIRMED,true
P30-1,P30,"Ambali, Jung & Sorensen",ER,10.3102/0013189X261481800,2,1,A,R0,n.a.,article,no earlier version found,45,CORRECTED,true
P30-2,P30,"Ambali, Jung & Sorensen",ER,10.3102/0013189X261481800,2,2,A,R1,C0,article,present in earlier version,6,CONFIRMED,false
P30-3,P30,"Ambali, Jung & Sorensen",ER,10.3102/0013189X261481800,2,2,A,R2,C0,supplement,present in earlier version,16,CONFIRMED,false
P30-4,P30,"Ambali, Jung & Sorensen",ER,10.3102/0013189X261481800,2,3,A,R1,C0,article,present in earlier version,15,CONFIRMED,false
P30-5,P30,"Ambali, Jung & Sorensen",ER,10.3102/0013189X261481800,2,3,B,R1,C1,article,present in earlier version,8,CONFIRMED,false
P31-1,P31,"Cristancho, Maldonado-Carreño, Bailey et al.",ER,10.3102/0013189X261482105,2,1,A,R1,C1,article,earlier version silent,35,CONFIRMED,false
P31-2,P31,"Cristancho, Maldonado-Carreño, Bailey et al.",ER,10.3102/0013189X261482105,2,2,A,R4,C0,none,earlier version silent,25,CONFIRMED,false
P31-3,P31,"Cristancho, Maldonado-Carreño, Bailey et al.",ER,10.3102/0013189X261482105,2,2,B,R1,C1,article,different version not comparable,8,CONFIRMED,false
P31-4,P31,"Cristancho, Maldonado-Carreño, Bailey et al.",ER,10.3102/0013189X261482105,2,2,B,R1,C1,article,introduced after earlier version,6,CONFIRMED,false
P31-5,P31,"Cristancho, Maldonado-Carreño, Bailey et al.",ER,10.3102/0013189X261482105,2,2,F,R4,C3,none,earlier version silent,12,CONFIRMED,false
P31-6,P31,"Cristancho, Maldonado-Carreño, Bailey et al.",ER,10.3102/0013189X261482105,2,3,J2,R3,C0,article,earlier version silent,7,CONFIRMED,false
P32-1,P32,"Burdick-Will, Bader & Nguyen",ER,10.3102/0013189X261485085,2,2,F,R3,C2,article,no earlier version found,10,CONFIRMED,false
P32-2,P32,"Burdick-Will, Bader & Nguyen",ER,10.3102/0013189X261485085,2,3,A,R4,C0,none,no earlier version found,5,CONFIRMED,false
P32-3,P32,"Burdick-Will, Bader & Nguyen",ER,10.3102/0013189X261485085,2,2,A,R1,C0,article,no earlier version found,3,CONFIRMED,false
P32-4,P32,"Burdick-Will, Bader & Nguyen",ER,10.3102/0013189X261485085,2,2,A,R0,n.a.,article,n.a.,5,CONFIRMED,true
P32-5,P32,"Burdick-Will, Bader & Nguyen",ER,10.3102/0013189X261485085,2,2,A,R3,C1,article,no earlier version found,8,CONFIRMED,false
P32-6,P32,"Burdick-Will, Bader & Nguyen",ER,10.3102/0013189X261485085,2,2,J1,R3,C0,article,no earlier version found,6,CONFIRMED,false
P32-7,P32,"Burdick-Will, Bader & Nguyen",ER,10.3102/0013189X261485085,2,3,A,R3,C0,none,no earlier version found,16,CONFIRMED,false
P33-1,P33,"Lyon, Snaider, Bertrand et al.",ER,10.3102/0013189X261481802,2,1,B,R1,C1,article,present in earlier version,26,CONFIRMED,false
P33-2,P33,"Lyon, Snaider, Bertrand et al.",ER,10.3102/0013189X261481802,2,3,A,R1,C0,article,present in earlier version,5,CONFIRMED,false
P33-3,P33,"Lyon, Snaider, Bertrand et al.",ER,10.3102/0013189X261481802,2,3,J2,R1,C0,article,present in earlier version,8,CONFIRMED,false
P33-4,P33,"Lyon, Snaider, Bertrand et al.",ER,10.3102/0013189X261481802,2,3,A,R0,n.a.,article,n.a.,18,CONFIRMED,true
