pid,cite,journal,doi,ledger_items,withdrawn,surviving,R1,R2,R3,R4,C0,C1,C2,C3,has_C2,claims_total,claims_assessable,overreach_claims,verdict_S,verdict_SH,verdict_T1,verdict_T2,verdict_T3a,verdict_T3b,verdict_T4,verdict_LIT,verdict_NC,verdict_NA,overreach_title_abstract
P01,"Shand, Chu, Gurny et al.",AERA Open,10.1177/23328584261466663,3,0,3,2,0,1,0,2,1,0,0,false,30,23,7,14,1,2,0,1,4,1,0,7,0,true
P02,Lee,AERA Open,10.1177/23328584261466676,3,0,3,3,0,0,0,2,1,0,0,false,61,58,28,25,5,23,0,2,3,0,1,2,0,true
P03,"Holzman, Han, Lewis et al.",AERA Open,10.1177/23328584261467394,4,0,4,2,2,0,0,2,2,0,0,false,31,28,10,12,6,10,0,0,0,0,0,3,0,true
P04,Boles,AERA Open,10.1177/23328584261448139,2,1,1,1,0,0,0,0,0,1,0,true,67,60,12,45,3,5,0,0,7,0,1,6,0,true
P05,"Britton, Shirrell & Bristol",AERA Open,10.1177/23328584261476998,4,0,4,4,0,0,0,2,1,1,0,true,51,44,10,21,10,6,0,4,0,3,0,7,0,true
P06,Holtz,AERA Open,10.1177/23328584261481430,5,0,5,3,1,1,0,1,2,2,0,true,55,50,17,28,5,9,2,5,1,0,0,5,0,true
P07,"Odle, Duke & Dunens",AERA Open,10.1177/23328584261483676,4,1,3,2,1,0,0,2,0,1,0,true,49,39,14,19,4,10,0,2,2,2,0,10,0,true
P08,"Gao, Semykina, Isler et al.",AERA Open,10.1177/23328584261482071,5,1,4,3,0,1,0,2,1,1,0,true,35,33,12,19,0,5,4,1,2,2,1,1,0,true
P09,Johnson & Zhang,AERJ,10.3102/00028312261467392,2,0,2,2,0,0,0,0,1,1,0,true,39,30,11,17,1,0,8,0,3,1,1,8,0,true
P10,Chin & Chen,AERJ,10.3102/00028312261468354,4,2,2,2,0,0,0,0,2,0,0,false,36,28,5,10,7,1,3,0,1,6,0,8,0,false
P11,"Gilmour, Bartanen, Bettini et al.",AERJ,10.3102/00028312261468742,4,0,4,3,0,1,0,2,1,1,0,true,63,56,14,38,4,1,10,2,1,0,0,7,0,false
P12,"Umansky, Avelar & Thompson",AERJ,10.3102/00028312261453523,6,1,5,3,1,1,0,3,2,0,0,false,46,39,14,19,6,12,1,0,1,0,0,7,0,true
P13,"Little, Drake, White & Rowan",AERJ,10.3102/00028312261475692,4,0,4,3,0,1,0,2,1,1,0,true,74,66,22,31,13,9,0,1,12,0,2,6,0,false
P14,Truwit & Ronfeldt,EEPA,10.3102/01623737261453349,4,0,4,3,0,0,1,3,1,0,0,false,52,46,22,7,17,20,0,2,0,0,1,5,0,false
P15,"Xu, Flanagan & Quintero",EEPA,10.3102/01623737261445984,3,0,3,2,1,0,0,2,1,0,0,false,71,59,6,32,16,5,0,1,0,5,2,10,0,false
P16,Delgado & Sartain,EEPA,10.3102/01623737261449250,7,1,6,4,0,2,0,3,3,0,0,false,28,24,3,11,5,2,0,0,1,5,0,4,0,false
P17,"Broton, Fenton-Miller & Bowman",EEPA,10.3102/01623737261462496,1,1,0,0,0,0,0,0,0,0,0,false,31,12,6,6,0,5,0,0,1,0,0,19,0,false
P18,"Choi, Zahran, Ortagus et al.",EEPA,10.3102/01623737261449256,5,0,5,1,1,3,0,4,1,0,0,false,30,24,17,5,2,5,0,5,7,0,0,6,0,true
P19,"Munoz, Shores, Weathers & Woods",EEPA,10.3102/01623737261460908,6,1,5,3,0,1,1,3,1,0,1,false,18,15,1,11,3,0,0,1,0,0,0,3,0,true
P20,"Camp, Anglum, Koedel et al.",EEPA,10.3102/01623737261464169,5,0,5,3,0,0,2,4,1,0,0,false,22,18,0,11,7,0,0,0,0,0,1,3,0,false
P21,"Ganimian, Ho & Campos Quintero",EEPA,10.3102/01623737261462146,7,1,6,5,0,0,1,4,2,0,0,false,35,27,3,19,5,2,0,0,1,0,0,8,0,true
P22,Cleveland & Lukes,EEPA,10.3102/01623737261477103,9,0,9,5,4,0,0,4,4,1,0,true,48,44,12,23,9,9,0,3,0,0,3,1,0,true
P23,"Acris, Ganimian, King & Marple-Cantrell",EEPA,10.3102/01623737261468263,3,1,2,2,0,0,0,1,0,1,0,true,38,36,10,15,11,7,3,0,0,0,0,2,0,true
P24,"Gicheva, Edmunds, Hutchins et al.",ER,10.3102/0013189X261462499,2,0,2,0,0,1,1,1,1,0,0,false,12,10,1,9,0,1,0,0,0,0,0,2,0,false
P25,"Perry, Reddy, Martinez et al.",ER,10.3102/0013189X261457851,4,0,4,4,0,0,0,1,3,0,0,false,55,50,20,23,6,17,0,1,2,1,0,5,0,true
P26,Whitfield & Gurantz,ER,10.3102/0013189X261462516,4,0,4,4,0,0,0,2,2,0,0,false,38,33,16,8,9,15,0,0,1,0,1,4,0,false
P27,Yoon & Dougherty,ER,10.3102/0013189X261467378,2,1,1,1,0,0,0,0,0,1,0,true,28,27,7,14,5,0,5,0,2,1,0,1,0,true
P28,Heller & Slungaard Mumma,ER,10.3102/0013189X261467376,3,0,3,2,1,0,0,1,2,0,0,false,26,22,7,12,3,6,1,0,0,0,3,1,0,true
P29,"Polikoff, Rowley, Silver et al.",ER,10.3102/0013189X261481780,4,2,2,1,0,1,0,1,1,0,0,false,32,28,1,20,7,1,0,0,0,0,0,4,0,false
P30,"Ambali, Jung & Sorensen",ER,10.3102/0013189X261481800,5,1,4,3,1,0,0,3,1,0,0,false,27,24,9,10,4,9,0,0,0,1,1,2,0,true
P31,"Cristancho, Maldonado-Carreño, Bailey et al.",ER,10.3102/0013189X261482105,6,0,6,3,0,1,2,2,3,0,1,false,54,44,21,11,10,16,1,3,1,2,3,7,0,true
P32,"Burdick-Will, Bader & Nguyen",ER,10.3102/0013189X261485085,7,1,6,1,0,4,1,4,1,1,0,true,32,25,8,11,5,1,3,0,4,1,0,7,0,false
P33,"Lyon, Snaider, Bertrand et al.",ER,10.3102/0013189X261481802,4,1,3,3,0,0,0,2,1,0,0,false,26,18,8,5,5,7,0,1,0,0,4,4,0,true
